treatment,day,mg13Cp.u.t.
SS,7,0.821786025
SS,14,4.42449796
SS,30,1.114138766
PS,3,1.006950138
PS,7,0.872367002
PS,14,1.463808648
PS,30,2.004343861